Workbook
Name Desc_Categorias: 'Cadastros Auxiliares'!$B$8:$E$8
Name Desc_Quantidades: 'Cadastros Auxiliares'!$B$8:$B$13
Name Desc_TabelaToda: 'Cadastros Auxiliares'!$B$8:$E$13
Name Int_Nome_Produtos: #REF!
Name Int_Quantidade: #REF!

Sheet Menu

Sheet Produtos
B1: Controle de Produtos
B6: Código | C6: Produtos | D6: Tamanho | E6: Categoria | F6: Estoque | G6: Preço Unitário
B7: PR001 | C7: Bermuda | D7: P | E7: Vestuário | F7: 48 | G7: 65.9
B8: PR002 | C8: Bermuda | D8: M | E8: Vestuário | F8: 17 | G8: 69.9
B9: PR003 | C9: Bermuda | D9: G | E9: Vestuário | F9: 37 | G9: 70.9
B10: PR004 | C10: Bolsa coringa | D10: Único | E10: Acessórios | F10: 36 | G10: 145
B11: PR005 | C11: Bolsa de couro | D11: Único | E11: Acessórios | F11: 21 | G11: 259.9
B12: PR006 | C12: Boné | D12: Único | E12: Acessórios | F12: 23 | G12: 39.9
B13: PR007 | C13: Calça jeans | D13: P | E13: Vestuário | F13: 24 | G13: 85.9
B14: PR008 | C14: Calça jeans | D14: M | E14: Vestuário | F14: 35 | G14: 89.9
B15: PR009 | C15: Calça jeans | D15: G | E15: Vestuário | F15: 47 | G15: 92.9
B16: PR010 | C16: Calça legging | D16: P | E16: Vestuário | F16: 42 | G16: 44.9
B17: PR011 | C17: Calça legging | D17: M | E17: Vestuário | F17: 32 | G17: 46.9
B18: PR012 | C18: Calça legging | D18: G | E18: Vestuário | F18: 45 | G18: 48.9
... B33: PR027 | C33: Óculos redondo | D33: Único | E33: Acessórios | F33: 45 | G33: 120
B34: PR028 | C34: Tênis Atitas | D34: 36 | E34: Calçado | F34: 37 | G34: 249.9
B35: PR029 | C35: Tênis Atitas | D35: 37 | E35: Calçado | F35: 41 | G35: 255
B36: PR030 | C36: Tênis Atitas | D36: 38 | E36: Calçado | F36: 30 | G36: 259.9
B37: PR031 | C37: Tênis Chunky | D37: 36 | E37: Calçado | F37: 27 | G37: 245
B38: PR032 | C38: Tênis Chunky | D38: 37 | E38: Calçado | F38: 41 | G38: 250
B39: PR033 | C39: Tênis Chunky | D39: 38 | E39: Calçado | F39: 43 | G39: 259.9
B40: PR034 | C40: Vestido curto | D40: P | E40: Vestuário | F40: 43 | G40: 89.9
B41: PR035 | C41: Vestido curto | D41: M | E41: Vestuário | F41: 18 | G41: 91.4
B42: PR036 | C42: Vestido curto | D42: G | E42: Vestuário | F42: 45 | G42: 93.5
B43: PR037 | C43: Vestido longo | D43: P | E43: Vestuário | F43: 34 | G43: 140
B44: PR038 | C44: Vestido longo | D44: M | E44: Vestuário | F44: 47 | G44: 142.9
B45: PR039 | C45: Vestido longo | D45: G | E45: Vestuário | F45: 50 | G45: 146
B46: PR040 | C46: Camiseta Conforto | D46: P | E46: Vestuário | F46: 16 | G46: 70
B47: PR041 | C47: Camiseta Conforto | D47: M | E47: Vestuário | F47: 21 | G47: 54.9
B48: PR042 | C48: Camiseta Conforto | D48: G | E48: Vestuário | F48: 43 | G48: 54.9
B49: PR043 | C49: Vestido Floral | D49: P | E49: Vestuário | F49: 43 | G49: 72.5
B50: PR044 | C50: Vestido Floral | D50: M | E50: Vestuário | F50: 41 | G50: 72.5
B51: PR045 | C51: Vestido Floral | D51: G | E51: Vestuário | F51: 49 | G51: 72.5
... B60: PR054 | C60: Saia Plissada | D60: G | E60: Vestuário | F60: 18 | G60: 49.9
B61: PR055 | C61: Sandália Rasteira | D61: 35 | E61: Calçado | F61: 48 | G61: 89.9
B62: PR056 | C62: Sandália Rasteira | D62: 36 | E62: Calçado | F62: 38 | G62: 89.9
B63: PR057 | C63: Sandália Rasteira | D63: 37 | E63: Calçado | F63: 45 | G63: 89.9
B64: PR058 | C64: Calça Alfaiataria | D64: P | E64: Vestuário | F64: 40 | G64: 180
B65: PR059 | C65: Calça Alfaiataria | D65: M | E65: Vestuário | F65: 35 | G65: 180
B66: PR060 | C66: Calça Alfaiataria | D66: G | E66: Vestuário | F66: 35 | G66: 180

Sheet Vendedores
B1: Controle de Produtos
A4: Código | B4: Vendedor | C4: Cidade | D4: Desc. Máximo
A5: VD001 | B5: João | C5: São Paulo | D5: 0.2
A6: VD002 | B6: Sarah | C6: Rio de Janeiro | D6: 0.15
A7: VD003 | B7: Clara | C7: Natal | D7: 0.1
A8: VD004 | B8: Amanda | C8: Manaus | D8: 0.2
A9: VD005 | B9: Bruno | C9: Belo Horizonte | D9: 0.15

Sheet Vendas
C1: Vendas
A4: Nº | B4: Mês | C4: Data | D4: Código | E4: Categoria | F4: Qtd | G4: Preço Unitário | H4: Indice | I4: Desconto (Passo a Passo) | J4: Desconto (Diretão) | K4: Desconto (Vendedor) | L4: Desconto Final | M4: Total | N4: Vendedor
A5: =MONTH(TB_Vendas[[#This Row],[Data]]) -> 1 | B5: =PROPER(TEXT(DATE(,TB_Vendas[[#This Row],[Nº]],1),"Mmm")) -> Jan | C5: 44931 | D5: PR006 | E5: =_xlfn.XLOOKUP(TB_Vendas[[#This Row],[Código]],TB_Produtos[Código],TB_Produtos[Categoria]) -> Acessórios | F5: 1 | G5: =VLOOKUP(TB_Vendas[[#This Row],[Código]],Produtos!$B$6:$G$66,6,0) -> 39.9 | H5: =_xlfn.XMATCH(TB_Vendas[[#This Row],[Categoria]],Desc_Categorias,0) -> 2 | I5: =VLOOKUP(TB_Vendas[[#This Row],[Qtd]],Desc_TabelaToda,TB_Vendas[[#This Row],[Indice]],TRUE) -> 0 | J5: {=INDEX(Desc_TabelaToda,MATCH(TB_Vendas[[#This Row],[Qtd]],Desc_Quantidades,1),MATCH(_xlfn.XLOOKUP(TB_Vendas[[#This Row],[Código]],TB_Produtos[[#All],[Código]],TB_Produtos[[#All],[Categoria]]),Desc_Categorias,0))} -> 0 | K5: =_xlfn.XLOOKUP(TB_Vendas[[#This Row],[Vendedor]],Vendedores!$A$5:$A$9,Vendedores!$D$5:$D$9) -> 0.15 | L5: =IF(TB_Vendas[[#This Row],[Desconto (Diretão)]]<=TB_Vendas[[#This Row],[Desconto (Vendedor)]],TB_Vendas[[#This Row],[Desconto (Diretão)]],TB_Vendas[[#This Row],[Desconto (Vendedor)]]) -> 0 | M5: =TB_Vendas[[#This Row],[Preço Unitário]]*TB_Vendas[[#This Row],[Qtd]] -> 39.9 | N5: VD002
A6: =MONTH(TB_Vendas[[#This Row],[Data]]) -> 1 | B6: =PROPER(TEXT(DATE(,TB_Vendas[[#This Row],[Nº]],1),"Mmm")) -> Jan | C6: 44932 | D6: PR005 | E6: =_xlfn.XLOOKUP(TB_Vendas[[#This Row],[Código]],TB_Produtos[Código],TB_Produtos[Categoria]) -> Acessórios | F6: 1 | G6: =VLOOKUP(TB_Vendas[[#This Row],[Código]],Produtos!$B$6:$G$66,6,0) -> 259.9 | H6: =_xlfn.XMATCH(TB_Vendas[[#This Row],[Categoria]],Desc_Categorias,0) -> 2 | I6: =VLOOKUP(TB_Vendas[[#This Row],[Qtd]],Desc_TabelaToda,TB_Vendas[[#This Row],[Indice]],TRUE) -> 0 | J6: {=INDEX(Desc_TabelaToda,MATCH(TB_Vendas[[#This Row],[Qtd]],Desc_Quantidades,1),MATCH(_xlfn.XLOOKUP(TB_Vendas[[#This Row],[Código]],TB_Produtos[[#All],[Código]],TB_Produtos[[#All],[Categoria]]),Desc_Categorias,0))} -> 0 | K6: =_xlfn.XLOOKUP(TB_Vendas[[#This Row],[Vendedor]],Vendedores!$A$5:$A$9,Vendedores!$D$5:$D$9) -> 0.15 | L6: =IF(TB_Vendas[[#This Row],[Desconto (Diretão)]]<=TB_Vendas[[#This Row],[Desconto (Vendedor)]],TB_Vendas[[#This Row],[Desconto (Diretão)]],TB_Vendas[[#This Row],[Desconto (Vendedor)]]) -> 0 | M6: =TB_Vendas[[#This Row],[Preço Unitário]]*TB_Vendas[[#This Row],[Qtd]] -> 259.9 | N6: VD002
A7: =MONTH(TB_Vendas[[#This Row],[Data]]) -> 1 | B7: =PROPER(TEXT(DATE(,TB_Vendas[[#This Row],[Nº]],1),"Mmm")) -> Jan | C7: 44933 | D7: PR051 | E7: =_xlfn.XLOOKUP(TB_Vendas[[#This Row],[Código]],TB_Produtos[Código],TB_Produtos[Categoria]) -> Vestuário | F7: 2 | G7: =VLOOKUP(TB_Vendas[[#This Row],[Código]],Produtos!$B$6:$G$66,6,0) -> 32.9 | H7: =_xlfn.XMATCH(TB_Vendas[[#This Row],[Categoria]],Desc_Categorias,0) -> 3 | I7: =VLOOKUP(TB_Vendas[[#This Row],[Qtd]],Desc_TabelaToda,TB_Vendas[[#This Row],[Indice]],TRUE) -> 0.15 | J7: {=INDEX(Desc_TabelaToda,MATCH(TB_Vendas[[#This Row],[Qtd]],Desc_Quantidades,1),MATCH(_xlfn.XLOOKUP(TB_Vendas[[#This Row],[Código]],TB_Produtos[[#All],[Código]],TB_Produtos[[#All],[Categoria]]),Desc_Categorias,0))} -> 0.15 | K7: =_xlfn.XLOOKUP(TB_Vendas[[#This Row],[Vendedor]],Vendedores!$A$5:$A$9,Vendedores!$D$5:$D$9) -> 0.2 | L7: =IF(TB_Vendas[[#This Row],[Desconto (Diretão)]]<=TB_Vendas[[#This Row],[Desconto (Vendedor)]],TB_Vendas[[#This Row],[Desconto (Diretão)]],TB_Vendas[[#This Row],[Desconto (Vendedor)]]) -> 0.15 | M7: =TB_Vendas[[#This Row],[Preço Unitário]]*TB_Vendas[[#This Row],[Qtd]] -> 65.8 | N7: VD001
A8: =MONTH(TB_Vendas[[#This Row],[Data]]) -> 1 | B8: =PROPER(TEXT(DATE(,TB_Vendas[[#This Row],[Nº]],1),"Mmm")) -> Jan | C8: 44938 | D8: PR011 | E8: =_xlfn.XLOOKUP(TB_Vendas[[#This Row],[Código]],TB_Produtos[Código],TB_Produtos[Categoria]) -> Vestuário | F8: 1 | G8: =VLOOKUP(TB_Vendas[[#This Row],[Código]],Produtos!$B$6:$G$66,6,0) -> 46.9 | H8: =_xlfn.XMATCH(TB_Vendas[[#This Row],[Categoria]],Desc_Categorias,0) -> 3 | I8: =VLOOKUP(TB_Vendas[[#This Row],[Qtd]],Desc_TabelaToda,TB_Vendas[[#This Row],[Indice]],TRUE) -> 0.1 | J8: {=INDEX(Desc_TabelaToda,MATCH(TB_Vendas[[#This Row],[Qtd]],Desc_Quantidades,1),MATCH(_xlfn.XLOOKUP(TB_Vendas[[#This Row],[Código]],TB_Produtos[[#All],[Código]],TB_Produtos[[#All],[Categoria]]),Desc_Categorias,0))} -> 0.1 | K8: =_xlfn.XLOOKUP(TB_Vendas[[#This Row],[Vendedor]],Vendedores!$A$5:$A$9,Vendedores!$D$5:$D$9) -> 0.15 | L8: =IF(TB_Vendas[[#This Row],[Desconto (Diretão)]]<=TB_Vendas[[#This Row],[Desconto (Vendedor)]],TB_Vendas[[#This Row],[Desconto (Diretão)]],TB_Vendas[[#This Row],[Desconto (Vendedor)]]) -> 0.1 | M8: =TB_Vendas[[#This Row],[Preço Unitário]]*TB_Vendas[[#This Row],[Qtd]] -> 46.9 | N8: VD005
A9: =MONTH(TB_Vendas[[#This Row],[Data]]) -> 1 | B9: =PROPER(TEXT(DATE(,TB_Vendas[[#This Row],[Nº]],1),"Mmm")) -> Jan | C9: 44939 | D9: PR017 | E9: =_xlfn.XLOOKUP(TB_Vendas[[#This Row],[Código]],TB_Produtos[Código],TB_Produtos[Categoria]) -> Vestuário | F9: 1 | G9: =VLOOKUP(TB_Vendas[[#This Row],[Código]],Produtos!$B$6:$G$66,6,0) -> 29.9 | H9: =_xlfn.XMATCH(TB_Vendas[[#This Row],[Categoria]],Desc_Categorias,0) -> 3 | I9: =VLOOKUP(TB_Vendas[[#This Row],[Qtd]],Desc_TabelaToda,TB_Vendas[[#This Row],[Indice]],TRUE) -> 0.1 | J9: {=INDEX(Desc_TabelaToda,MATCH(TB_Vendas[[#This Row],[Qtd]],Desc_Quantidades,1),MATCH(_xlfn.XLOOKUP(TB_Vendas[[#This Row],[Código]],TB_Produtos[[#All],[Código]],TB_Produtos[[#All],[Categoria]]),Desc_Categorias,0))} -> 0.1 | K9: =_xlfn.XLOOKUP(TB_Vendas[[#This Row],[Vendedor]],Vendedores!$A$5:$A$9,Vendedores!$D$5:$D$9) -> 0.15 | L9: =IF(TB_Vendas[[#This Row],[Desconto (Diretão)]]<=TB_Vendas[[#This Row],[Desconto (Vendedor)]],TB_Vendas[[#This Row],[Desconto (Diretão)]],TB_Vendas[[#This Row],[Desconto (Vendedor)]]) -> 0.1 | M9: =TB_Vendas[[#This Row],[Preço Unitário]]*TB_Vendas[[#This Row],[Qtd]] -> 29.9 | N9: VD002
A10: =MONTH(TB_Vendas[[#This Row],[Data]]) -> 1 | B10: =PROPER(TEXT(DATE(,TB_Vendas[[#This Row],[Nº]],1),"Mmm")) -> Jan | C10: 44943 | D10: PR025 | E10: =_xlfn.XLOOKUP(TB_Vendas[[#This Row],[Código]],TB_Produtos[Código],TB_Produtos[Categoria]) -> Vestuário | F10: 1 | G10: =VLOOKUP(TB_Vendas[[#This Row],[Código]],Produtos!$B$6:$G$66,6,0) -> 299.9 | H10: =_xlfn.XMATCH(TB_Vendas[[#This Row],[Categoria]],Desc_Categorias,0) -> 3 | I10: =VLOOKUP(TB_Vendas[[#This Row],[Qtd]],Desc_TabelaToda,TB_Vendas[[#This Row],[Indice]],TRUE) -> 0.1 | J10: {=INDEX(Desc_TabelaToda,MATCH(TB_Vendas[[#This Row],[Qtd]],Desc_Quantidades,1),MATCH(_xlfn.XLOOKUP(TB_Vendas[[#This Row],[Código]],TB_Produtos[[#All],[Código]],TB_Produtos[[#All],[Categoria]]),Desc_Categorias,0))} -> 0.1 | K10: =_xlfn.XLOOKUP(TB_Vendas[[#This Row],[Vendedor]],Vendedores!$A$5:$A$9,Vendedores!$D$5:$D$9) -> 0.15 | L10: =IF(TB_Vendas[[#This Row],[Desconto (Diretão)]]<=TB_Vendas[[#This Row],[Desconto (Vendedor)]],TB_Vendas[[#This Row],[Desconto (Diretão)]],TB_Vendas[[#This Row],[Desconto (Vendedor)]]) -> 0.1 | M10: =TB_Vendas[[#This Row],[Preço Unitário]]*TB_Vendas[[#This Row],[Qtd]] -> 299.9 | N10: VD005
A11: =MONTH(TB_Vendas[[#This Row],[Data]]) -> 1 | B11: =PROPER(TEXT(DATE(,TB_Vendas[[#This Row],[Nº]],1),"Mmm")) -> Jan | C11: 44949 | D11: PR039 | E11: =_xlfn.XLOOKUP(TB_Vendas[[#This Row],[Código]],TB_Produtos[Código],TB_Produtos[Categoria]) -> Vestuário | F11: 1 | G11: =VLOOKUP(TB_Vendas[[#This Row],[Código]],Produtos!$B$6:$G$66,6,0) -> 146 | H11: =_xlfn.XMATCH(TB_Vendas[[#This Row],[Categoria]],Desc_Categorias,0) -> 3 | I11: =VLOOKUP(TB_Vendas[[#This Row],[Qtd]],Desc_TabelaToda,TB_Vendas[[#This Row],[Indice]],TRUE) -> 0.1 | J11: {=INDEX(Desc_TabelaToda,MATCH(TB_Vendas[[#This Row],[Qtd]],Desc_Quantidades,1),MATCH(_xlfn.XLOOKUP(TB_Vendas[[#This Row],[Código]],TB_Produtos[[#All],[Código]],TB_Produtos[[#All],[Categoria]]),Desc_Categorias,0))} -> 0.1 | K11: =_xlfn.XLOOKUP(TB_Vendas[[#This Row],[Vendedor]],Vendedores!$A$5:$A$9,Vendedores!$D$5:$D$9) -> 0.1 | L11: =IF(TB_Vendas[[#This Row],[Desconto (Diretão)]]<=TB_Vendas[[#This Row],[Desconto (Vendedor)]],TB_Vendas[[#This Row],[Desconto (Diretão)]],TB_Vendas[[#This Row],[Desconto (Vendedor)]]) -> 0.1 | M11: =TB_Vendas[[#This Row],[Preço Unitário]]*TB_Vendas[[#This Row],[Qtd]] -> 146 | N11: VD003
A12: =MONTH(TB_Vendas[[#This Row],[Data]]) -> 1 | B12: =PROPER(TEXT(DATE(,TB_Vendas[[#This Row],[Nº]],1),"Mmm")) -> Jan | C12: 44952 | D12: PR034 | E12: =_xlfn.XLOOKUP(TB_Vendas[[#This Row],[Código]],TB_Produtos[Código],TB_Produtos[Categoria]) -> Vestuário | F12: 2 | G12: =VLOOKUP(TB_Vendas[[#This Row],[Código]],Produtos!$B$6:$G$66,6,0) -> 89.9 | H12: =_xlfn.XMATCH(TB_Vendas[[#This Row],[Categoria]],Desc_Categorias,0) -> 3 | I12: =VLOOKUP(TB_Vendas[[#This Row],[Qtd]],Desc_TabelaToda,TB_Vendas[[#This Row],[Indice]],TRUE) -> 0.15 | J12: {=INDEX(Desc_TabelaToda,MATCH(TB_Vendas[[#This Row],[Qtd]],Desc_Quantidades,1),MATCH(_xlfn.XLOOKUP(TB_Vendas[[#This Row],[Código]],TB_Produtos[[#All],[Código]],TB_Produtos[[#All],[Categoria]]),Desc_Categorias,0))} -> 0.15 | K12: =_xlfn.XLOOKUP(TB_Vendas[[#This Row],[Vendedor]],Vendedores!$A$5:$A$9,Vendedores!$D$5:$D$9) -> 0.1 | L12: =IF(TB_Vendas[[#This Row],[Desconto (Diretão)]]<=TB_Vendas[[#This Row],[Desconto (Vendedor)]],TB_Vendas[[#This Row],[Desconto (Diretão)]],TB_Vendas[[#This Row],[Desconto (Vendedor)]]) -> 0.1 | M12: =TB_Vendas[[#This Row],[Preço Unitário]]*TB_Vendas[[#This Row],[Qtd]] -> 179.8 | N12: VD003
A13: =MONTH(TB_Vendas[[#This Row],[Data]]) -> 1 | B13: =PROPER(TEXT(DATE(,TB_Vendas[[#This Row],[Nº]],1),"Mmm")) -> Jan | C13: 44954 | D13: PR032 | E13: =_xlfn.XLOOKUP(TB_Vendas[[#This Row],[Código]],TB_Produtos[Código],TB_Produtos[Categoria]) -> Calçado | F13: 2 | G13: =VLOOKUP(TB_Vendas[[#This Row],[Código]],Produtos!$B$6:$G$66,6,0) -> 250 | H13: =_xlfn.XMATCH(TB_Vendas[[#This Row],[Categoria]],Desc_Categorias,0) -> 4 | I13: =VLOOKUP(TB_Vendas[[#This Row],[Qtd]],Desc_TabelaToda,TB_Vendas[[#This Row],[Indice]],TRUE) -> 0.1 | J13: {=INDEX(Desc_TabelaToda,MATCH(TB_Vendas[[#This Row],[Qtd]],Desc_Quantidades,1),MATCH(_xlfn.XLOOKUP(TB_Vendas[[#This Row],[Código]],TB_Produtos[[#All],[Código]],TB_Produtos[[#All],[Categoria]]),Desc_Categorias,0))} -> 0.1 | K13: =_xlfn.XLOOKUP(TB_Vendas[[#This Row],[Vendedor]],Vendedores!$A$5:$A$9,Vendedores!$D$5:$D$9) -> 0.15 | L13: =IF(TB_Vendas[[#This Row],[Desconto (Diretão)]]<=TB_Vendas[[#This Row],[Desconto (Vendedor)]],TB_Vendas[[#This Row],[Desconto (Diretão)]],TB_Vendas[[#This Row],[Desconto (Vendedor)]]) -> 0.1 | M13: =TB_Vendas[[#This Row],[Preço Unitário]]*TB_Vendas[[#This Row],[Qtd]] -> 500 | N13: VD002
A14: =MONTH(TB_Vendas[[#This Row],[Data]]) -> 1 | B14: =PROPER(TEXT(DATE(,TB_Vendas[[#This Row],[Nº]],1),"Mmm")) -> Jan | C14: 44955 | D14: PR013 | E14: =_xlfn.XLOOKUP(TB_Vendas[[#This Row],[Código]],TB_Produtos[Código],TB_Produtos[Categoria]) -> Vestuário | F14: 1 | G14: =VLOOKUP(TB_Vendas[[#This Row],[Código]],Produtos!$B$6:$G$66,6,0) -> 39.9 | H14: =_xlfn.XMATCH(TB_Vendas[[#This Row],[Categoria]],Desc_Categorias,0) -> 3 | I14: =VLOOKUP(TB_Vendas[[#This Row],[Qtd]],Desc_TabelaToda,TB_Vendas[[#This Row],[Indice]],TRUE) -> 0.1 | J14: {=INDEX(Desc_TabelaToda,MATCH(TB_Vendas[[#This Row],[Qtd]],Desc_Quantidades,1),MATCH(_xlfn.XLOOKUP(TB_Vendas[[#This Row],[Código]],TB_Produtos[[#All],[Código]],TB_Produtos[[#All],[Categoria]]),Desc_Categorias,0))} -> 0.1 | K14: =_xlfn.XLOOKUP(TB_Vendas[[#This Row],[Vendedor]],Vendedores!$A$5:$A$9,Vendedores!$D$5:$D$9) -> 0.15 | L14: =IF(TB_Vendas[[#This Row],[Desconto (Diretão)]]<=TB_Vendas[[#This Row],[Desconto (Vendedor)]],TB_Vendas[[#This Row],[Desconto (Diretão)]],TB_Vendas[[#This Row],[Desconto (Vendedor)]]) -> 0.1 | M14: =TB_Vendas[[#This Row],[Preço Unitário]]*TB_Vendas[[#This Row],[Qtd]] -> 39.9 | N14: VD002
A15: =MONTH(TB_Vendas[[#This Row],[Data]]) -> 1 | B15: =PROPER(TEXT(DATE(,TB_Vendas[[#This Row],[Nº]],1),"Mmm")) -> Jan | C15: 44956 | D15: PR038 | E15: =_xlfn.XLOOKUP(TB_Vendas[[#This Row],[Código]],TB_Produtos[Código],TB_Produtos[Categoria]) -> Vestuário | F15: 1 | G15: =VLOOKUP(TB_Vendas[[#This Row],[Código]],Produtos!$B$6:$G$66,6,0) -> 142.9 | H15: =_xlfn.XMATCH(TB_Vendas[[#This Row],[Categoria]],Desc_Categorias,0) -> 3 | I15: =VLOOKUP(TB_Vendas[[#This Row],[Qtd]],Desc_TabelaToda,TB_Vendas[[#This Row],[Indice]],TRUE) -> 0.1 | J15: {=INDEX(Desc_TabelaToda,MATCH(TB_Vendas[[#This Row],[Qtd]],Desc_Quantidades,1),MATCH(_xlfn.XLOOKUP(TB_Vendas[[#This Row],[Código]],TB_Produtos[[#All],[Código]],TB_Produtos[[#All],[Categoria]]),Desc_Categorias,0))} -> 0.1 | K15: =_xlfn.XLOOKUP(TB_Vendas[[#This Row],[Vendedor]],Vendedores!$A$5:$A$9,Vendedores!$D$5:$D$9) -> 0.2 | L15: =IF(TB_Vendas[[#This Row],[Desconto (Diretão)]]<=TB_Vendas[[#This Row],[Desconto (Vendedor)]],TB_Vendas[[#This Row],[Desconto (Diretão)]],TB_Vendas[[#This Row],[Desconto (Vendedor)]]) -> 0.1 | M15: =TB_Vendas[[#This Row],[Preço Unitário]]*TB_Vendas[[#This Row],[Qtd]] -> 142.9 | N15: VD004
A16: =MONTH(TB_Vendas[[#This Row],[Data]]) -> 2 | B16: =PROPER(TEXT(DATE(,TB_Vendas[[#This Row],[Nº]],1),"Mmm")) -> Fev | C16: 44960 | D16: PR022 | E16: =_xlfn.XLOOKUP(TB_Vendas[[#This Row],[Código]],TB_Produtos[Código],TB_Produtos[Categoria]) -> Vestuário | F16: 1 | G16: =VLOOKUP(TB_Vendas[[#This Row],[Código]],Produtos!$B$6:$G$66,6,0) -> 300 | H16: =_xlfn.XMATCH(TB_Vendas[[#This Row],[Categoria]],Desc_Categorias,0) -> 3 | I16: =VLOOKUP(TB_Vendas[[#This Row],[Qtd]],Desc_TabelaToda,TB_Vendas[[#This Row],[Indice]],TRUE) -> 0.1 | J16: {=INDEX(Desc_TabelaToda,MATCH(TB_Vendas[[#This Row],[Qtd]],Desc_Quantidades,1),MATCH(_xlfn.XLOOKUP(TB_Vendas[[#This Row],[Código]],TB_Produtos[[#All],[Código]],TB_Produtos[[#All],[Categoria]]),Desc_Categorias,0))} -> 0.1 | K16: =_xlfn.XLOOKUP(TB_Vendas[[#This Row],[Vendedor]],Vendedores!$A$5:$A$9,Vendedores!$D$5:$D$9) -> 0.1 | L16: =IF(TB_Vendas[[#This Row],[Desconto (Diretão)]]<=TB_Vendas[[#This Row],[Desconto (Vendedor)]],TB_Vendas[[#This Row],[Desconto (Diretão)]],TB_Vendas[[#This Row],[Desconto (Vendedor)]]) -> 0.1 | M16: =TB_Vendas[[#This Row],[Preço Unitário]]*TB_Vendas[[#This Row],[Qtd]] -> 300 | N16: VD003
... A86: =MONTH(TB_Vendas[[#This Row],[Data]]) -> 8 | B86: =PROPER(TEXT(DATE(,TB_Vendas[[#This Row],[Nº]],1),"Mmm")) -> Ago | C86: 45153 | D86: PR014 | E86: =_xlfn.XLOOKUP(TB_Vendas[[#This Row],[Código]],TB_Produtos[Código],TB_Produtos[Categoria]) -> Vestuário | F86: 8 | G86: =VLOOKUP(TB_Vendas[[#This Row],[Código]],Produtos!$B$6:$G$66,6,0) -> 39.9 | H86: =_xlfn.XMATCH(TB_Vendas[[#This Row],[Categoria]],Desc_Categorias,0) -> 3 | I86: =VLOOKUP(TB_Vendas[[#This Row],[Qtd]],Desc_TabelaToda,TB_Vendas[[#This Row],[Indice]],TRUE) -> 0.25 | J86: {=INDEX(Desc_TabelaToda,MATCH(TB_Vendas[[#This Row],[Qtd]],Desc_Quantidades,1),MATCH(_xlfn.XLOOKUP(TB_Vendas[[#This Row],[Código]],TB_Produtos[[#All],[Código]],TB_Produtos[[#All],[Categoria]]),Desc_Categorias,0))} -> 0.25 | K86: =_xlfn.XLOOKUP(TB_Vendas[[#This Row],[Vendedor]],Vendedores!$A$5:$A$9,Vendedores!$D$5:$D$9) -> 0.15 | L86: =IF(TB_Vendas[[#This Row],[Desconto (Diretão)]]<=TB_Vendas[[#This Row],[Desconto (Vendedor)]],TB_Vendas[[#This Row],[Desconto (Diretão)]],TB_Vendas[[#This Row],[Desconto (Vendedor)]]) -> 0.15 | M86: =TB_Vendas[[#This Row],[Preço Unitário]]*TB_Vendas[[#This Row],[Qtd]] -> 319.2 | N86: VD002

Sheet Consultas
B1: Consultas
B4: Consulta Produto | E4: Vendas do Dia
B6: Código: | C6: PR055 | E6: Data: | F6: 44949
B7: Descrição: | C7: =IFERROR(VLOOKUP(C6,TB_Produtos[#All],2,FALSE),"") -> Sandália Rasteira | E7: Dia da Semana: | F7: =_xlfn.XLOOKUP(WEEKDAY(F6),'Cadastros Auxiliares'!$B$4:$I$4,'Cadastros Auxiliares'!$B$5:$I$5,"") -> Segunda-feira
B8: Tamanho: | C8: {=_xlfn.XLOOKUP(C6,TB_Produtos[[#All],[Código]],TB_Produtos[[#All],[Tamanho]],"")} -> 35 | E8: Total Valor: | F8: =SUMIF(TB_Vendas[[#All],[Data]],Consultas!$F$6,TB_Vendas[[#All],[Total]]) -> 146
B9: Categoria: | C9: =IFERROR(VLOOKUP($C$6,Produtos!$B$6:$G$66,4,0),"") -> Calçado | E9: Total Qtd: | F9: =SUMIF(TB_Vendas[[#All],[Data]],Consultas!$F$6,TB_Vendas[[#All],[Qtd]]) -> 1
B10: Preço Unitário: | C10: =_xlfn.XLOOKUP($C$6,Produtos!$B$6:$B$66,Produtos!$G$6:$G$66,"") -> 89.9
B11: Estoque: | C11: {=_xlfn.XLOOKUP($C$6,TB_Produtos[[#All],[Código]],TB_Produtos[[#All],[Estoque]],"")} -> 48
B12: Situação: | C12: {=_xlfn.IFS(C11=0,"Estoque Zerado",C11>=C13,"Estoque OK",1,"Rever Estoque")} -> Estoque OK
B13: Estoque Mínimo: | C13: =_xlfn.XLOOKUP(C9,'Cadastros Auxiliares'!G9:G11,'Cadastros Auxiliares'!H9:H11) -> 15

Sheet Cadastros Auxiliares
B1: Cadastros Gerais
B4: Código | C4: 1 | D4: 2 | E4: 3 | F4: 4 | G4: 5 | H4: 6 | I4: 7
B5: Dia da Semana | C5: Domingo | D5: Segunda-feira | E5: Terça-feira | F5: Quarta-feira | G5: Quinta-feira | H5: Sexta-feira | I5: Sábado
B8: Desconto por Categoria e Qtd | C8: Acessórios | D8: Vestuário | E8: Calçado | G8: Categoria | H8: Estoque Mínimo
B9: 1 | C9: 0 | D9: 0.1 | E9: 0 | G9: Acessórios | H9: 5
B10: 2 | C10: 0.05 | D10: 0.15 | E10: 0.1 | G10: Vestuário | H10: 10
B11: 3 | C11: 0.15 | D11: 0.2 | E11: 0.15 | G11: Calçado | H11: 15
B12: 5 | C12: 0.25 | D12: 0.25 | E12: 0.25
B13: 10 | C13: 0.3 | D13: 0.3 | E13: 0.3

Sheet Desafio 1
B1: Lista Simplificada
B2: Produtos | C2: Estoque | D2: Preço Unitário | F2: Ache o preço do produto que tenha aproximadamente 20 quantidades
B3: Bermuda | C3: 48 | D3: 65.9
B4: Bermuda | C4: 17 | D4: 63.9
B5: Bermuda | C5: 37 | D5: 70.9 | F5: Ache um produto com aproximadamente 35 quantidades
B6: Bolsa coringa | C6: 36 | D6: 145
B7: Bolsa de couro | C7: 19 | D7: 259.9
B8: Boné | C8: 23 | D8: 39.9 | F8: Responda sim, se houver uma bermuda que custa 65,90
B9: Calça jeans | C9: 24 | D9: 85.9
B10: Calça jeans | C10: 34 | D10: 89.9
F11: Qual o produto mais caro da lista

Sheet Desafio 2
B1: Lista Simplificada
B2: Produtos | C2: Estoque | D2: Preço Unitário | F2: Ache o preço do produto que tenha aproximadamente 20 quantidades
B3: Bermuda | C3: 48 | D3: 65.9
B4: Bermuda | C4: 17 | D4: 63.9
B5: Bermuda | C5: 37 | D5: 70.9 | F5: Ache um produto com aproximadamente 35 quantidades
B6: Bolsa coringa | C6: 36 | D6: 145
B7: Bolsa de couro | C7: 19 | D7: 259.9
B8: Boné | C8: 23 | D8: 39.9 | F8: Responda sim, se houver uma bermuda que custa 65,90
B9: Calça jeans | C9: 24 | D9: 85.9
B10: Calça jeans | C10: 34 | D10: 89.9
F11: Qual o produto mais caro da lista

Sheet Dados para Gráficos
A1: Vendedores | B1: Totais | D1: N. Mês | E1: Meses | F1: Total | G1: Qtd | I1: Categoria | J1: % Vendas | K1: % Restante | L1: Total
A2: Acessórios | B2: =SUMIF(#REF!,A2,TB_Vendas[Total]) -> #REF! | D2: 1 | E2: Jan | F2: =SUMIF(TB_Vendas[Nº],D2,TB_Vendas[Total]) -> 1750.9 | G2: =SUMIF(TB_Vendas[Nº],D2,TB_Vendas[Qtd]) -> 14 | I2: Clara | J2: =L2/SUM($L$2:$L$4) -> #DIV/0! | K2: =100%-J2 -> #DIV/0! | L2: =SUMIF(TB_Vendas[Vendedor],I2,TB_Vendas[Total]) -> 0
A3: Calçados | B3: =SUMIF(#REF!,A3,TB_Vendas[Total]) -> #REF! | D3: 2 | E3: Fev | F3: =SUMIF(TB_Vendas[Nº],D3,TB_Vendas[Total]) -> 2974.9 | G3: =SUMIF(TB_Vendas[Nº],D3,TB_Vendas[Qtd]) -> 15 | I3: João | J3: =L3/SUM($L$2:$L$4) -> #DIV/0! | K3: =100%-J3 -> #DIV/0! | L3: =SUMIF(TB_Vendas[Vendedor],I3,TB_Vendas[Total]) -> 0
A4: Vestuário | B4: =SUMIF(#REF!,A4,TB_Vendas[Total]) -> #REF! | D4: 3 | E4: Mar | F4: =SUMIF(TB_Vendas[Nº],D4,TB_Vendas[Total]) -> 3698.1 | G4: =SUMIF(TB_Vendas[Nº],D4,TB_Vendas[Qtd]) -> 26 | I4: Sarah | J4: =L4/SUM($L$2:$L$4) -> #DIV/0! | K4: =100%-J4 -> #DIV/0! | L4: =SUMIF(TB_Vendas[Vendedor],I4,TB_Vendas[Total]) -> 0
D5: 4 | E5: Abr | F5: =SUMIF(TB_Vendas[Nº],D5,TB_Vendas[Total]) -> 3651.1 | G5: =SUMIF(TB_Vendas[Nº],D5,TB_Vendas[Qtd]) -> 28
D6: 5 | E6: Mai | F6: =SUMIF(TB_Vendas[Nº],D6,TB_Vendas[Total]) -> 2776.3 | G6: =SUMIF(TB_Vendas[Nº],D6,TB_Vendas[Qtd]) -> 17
D7: 6 | E7: Jun | F7: =SUMIF(TB_Vendas[Nº],D7,TB_Vendas[Total]) -> 3477.7 | G7: =SUMIF(TB_Vendas[Nº],D7,TB_Vendas[Qtd]) -> 41

Sheet Dashboard
W2: Total de Produtos | AQ2: Produtos Vendidos | BK2: Total de Vendas
W4: =COUNTA(TB_Produtos[Código]) -> 60 | AQ4: =SUM(TB_Vendas[Qtd]) -> 250 | BK4: =SUM(TB_Vendas[Total]) -> 33304.8
C9: Vendas Mensais
C26: Vendas por Categoria | AQ26: Ranking Vendedores
